Width,Depth,Area
22,761,28620
10,365,6759
64,428,44991
6,823,8845
11,355,7162
34,941,55959
59,548,55964
55,476,41883
5,855,8396
39,975,59576
24,841,32761
40,638,43598
35,1008,58785
23,957,37597
35,695,38689
49,179,14735
31,381,20736
43,490,35317
53,313,27614
56,67,6783
23,725,28067
33,78,4659
38,406,24770
64,757,79735
19,15,678
16,413,10832
4,574,4421
41,376,27185
56,495,45260
55,437,38083
18,197,5969
31,707,36474
34,1005,57046
55,560,52602
35,510,30587
29,886,40910
24,705,29614
61,383,40142
44,257,19072
50,234,20537
17,1012,29476
26,657,32203
54,360,33911
44,906,62079
34,874,48176
4,221,1795
47,132,10325
42,372,28663
21,467,16113
44,219,16956
12,207,4693
47,973,74528
63,284,30841
4,245,1909
55,526,49281
49,966,81491
15,342,8965
27,792,36332
31,392,19670
21,41,1674
26,286,12926
11,672,13000
28,701,33019
38,254,16406
56,664,60276
35,834,48297
43,894,63065
26,454,18793
52,570,48650
2,923,4223
41,728,50023
36,718,42863
54,202,18101
19,584,19318
4,231,1846
13,708,15602
35,452,26413
36,373,21445
43,314,23515
46,498,38511
53,420,37287
34,786,44870
46,542,42604
52,279,24255
4,972,7385
41,974,68683
55,183,16851
62,328,33569
37,379,23199
13,507,12235
11,677,12787
64,519,52034
17,235,6644
9,185,2968
44,734,55306
52,445,36588
19,591,19614
47,907,68067
19,746,23470
30,184,9093
57,1013,94754
43,48,4011
50,136,11227
50,21,2606
8,475,6849
64,529,58393
47,476,35792
56,553,51249
61,326,33282
45,190,13961
46,422,32377
39,291,20134
45,35,2769
10,342,6072
41,388,26254
57,121,11778
46,647,45964
41,467,30470
11,439,7843
48,581,45307
48,184,14461
61,659,66341
59,1005,99525
7,404,5180
55,903,80239
56,392,35231
28,911,42967
45,1007,78071
54,496,43307
43,665,47278
13,899,19922
32,522,27094
35,605,35086
39,562,37597
43,483,33063
23,939,37298
6,501,5561
7,475,5977
53,987,85458
4,96,875
26,934,40069
32,91,5279
13,477,10626
11,690,13075
51,680,57743
40,521,34548
64,782,77520
18,409,12531
47,177,14180
5,904,8423
48,761,60073
54,760,70328
43,897,65508
23,504,19898
48,249,19803
38,170,11334
53,170,15833
15,168,4236
59,27,3046
12,484,9804
9,170,2827
7,712,8709
20,449,14263
16,842,22352
50,318,25957
42,9,942
37,564,34935
54,397,35094
27,357,17112
36,509,30167
18,71,2280
36,934,55660
27,430,19664
24,937,37750
36,386,22345
46,283,22464
28,199,9424
64,174,18026
15,463,11778
8,489,6939
40,777,52201
57,859,80644
58,827,79406
35,37,2366
39,955,60405
36,512,31437
42,737,53030
36,635,36244
13,751,16396
11,583,10514
60,829,77371
61,311,32198
62,47,5619
17,369,10580
12,745,15574
50,656,56230
53,934,85047
3,865,5358
56,971,86836
56,605,56027
47,668,51375
13,572,12735
31,432,21707
59,795,76602
43,360,27349
18,859,26359
58,624,60176
56,129,11616
21,12,640
54,125,11477
59,842,83329
40,723,47374
60,488,48878
33,684,37274
32,306,16491
19,889,29231
52,374,32239
7,228,2994
19,154,5062
31,622,31813
23,664,25755
28,42,2248
52,410,33736
58,208,19955
51,716,56260
12,1009,21661
55,692,63837
31,450,22159
56,203,17198
64,926,102357
60,806,80057
28,197,9177
3,105,702
7,197,2508
23,69,2947
8,521,7625
26,282,12569
60,242,24298
49,598,48389
27,492,22760
30,407,19643
10,222,3833
33,222,11838
13,132,3093
2,459,2150
17,665,19057
41,497,34637
24,779,28064
10,740,12662
30,552,27778
3,834,4996
63,418,42252
13,637,13571
5,716,6279
25,573,23784
56,718,62201
61,444,45051
14,583,13151
48,313,25181
27,298,13975
62,465,47579
13,263,5670
15,444,10916
29,508,24962
29,340,17077
40,57,4150
32,670,33899
2,337,1602
27,376,16457
32,750,39770
36,231,14566
56,581,52526
43,425,30960
43,435,29325
42,3,555
31,652,31590
60,583,53739
15,690,17856
9,263,4091
31,225,11895
9,608,9613
42,360,26495
63,767,81468
33,444,23289
18,897,28605
57,711,62332
10,181,3282
7,1010,12673
16,655,18540
16,704,18416
15,203,5395
31,783,42208
2,844,3547
14,81,2207
19,70,2339
22,624,23001
59,630,62064
13,729,16724
21,31,1277
38,756,46118
27,707,31710
42,196,13366
51,328,27659
25,720,30879
18,235,7265
8,292,4318
47,66,5453
30,105,5167
61,604,59207
26,751,32314
55,444,37772
10,865,14993
15,683,17206
2,1011,4493
48,262,19980
35,666,38404
30,216,10615
62,14,2008
53,893,85901
44,359,26434
52,671,55467
14,724,17696
53,681,58356
25,209,8645
9,525,7774
25,909,35681
25,53,675
9,171,892
94,30,1332
31,4,105
36,18,394
22,45,537
61,22,752
63,8,307
118,28,1684
15,85,677
51,2,150
80,22,1187
58,23,682
8,152,695
14,142,1073
13,179,1216
94,10,643
57,49,1288
37,25,461
126,11,853
121,24,1394
10,15,117
117,39,2097
34,84,1315
58,69,1822
119,74,4089
92,45,2034
8,897,3424
29,304,3910
10,194,1050
13,358,2324
20,233,2260
27,135,1656
124,49,2676
46,10,303
42,68,1264
64,25,754
58,143,3983
37,206,3432
12,395,2313
39,169,3182
55,138,3383
70,46,1586
31,139,2105
124,17,1069
34,209,3304
25,204,2539
9,54,317
16,199,1533
109,4,484
104,59,2643
29,230,3230
31,59,868
14,457,3278
35,103,1718
21,164,1655
20,28,292
29,146,1974
39,193,3415
14,628,4061
114,35,1812
69,68,2219
83,78,3106
28,377,4543
71,110,3426
55,166,4119
37,201,3376
29,14,251
108,92,4302
22,104,1061
10,641,3378
10,690,3552
10,719,3799
8,157,744
9,391,1530
17,256,2032
104,30,1513
31,138,2057
127,98,5491
37,226,3746
15,650,4957
40,81,1465
29,126,1783
15,605,4512
31,40,619
64,44,1328
67,71,2403
125,45,2808
43,110,2090
77,16,627
82,117,4035
68,112,3456
13,657,4252
102,42,2019
11,558,3224
40,56,1038
8,951,4226
33,177,2736
96,114,4862
12,410,2510
70,73,2238
29,91,1308
18,184,1518
42,128,2438
14,141,1088
50,155,3681
17,412,3547
22,349,3820
90,117,4632
13,45,320
66,91,2761
34,43,675
55,84,2145
31,9,156
15,227,1670
94,65,2691
8,721,3192
8,6,89
28,2,76
62,77,2171
38,26,473
81,84,3153
40,20,386
21,76,773
30,151,2113
29,97,1281
38,6,159
27,129,1663
96,51,2217
114,27,1516
32,29,510
23,23,292
25,153,1931
29,60,812
23,126,1478
50,95,2024
82,12,548
35,205,3430
12,511,3131
48,116,2976
18,70,615
44,174,3600
12,131,858
19,352,3182
41,249,4926
57,4,214
12,535,3301
16,274,2192
12,528,3176
62,58,1540
8,643,2323
91,63,2618
59,213,5976
75,84,2892
35,74,1276
27,208,2540
46,8,216
8,136,593
67,25,819
11,198,1155
24,16,219
51,10,337
28,14,238
16,136,1065
42,34,707
67,42,1380
9,219,1106
25,59,729
67,38,1182
35,47,821
17,405,3348
113,73,3560
11,224,1160
111,23,1331
24,85,995
52,5,197
69,41,1257
30,115,1672
13,44,297
16,202,1532
56,42,1138
8,430,1908
25,81,1052
122,37,2026
12,263,1540
19,126,1243
110,27,1467
14,105,702
77,20,712
11,192,1060
32,48,701
10,272,1547
109,6,541
22,161,1590
56,22,710
10,79,440
28,108,1459
48,53,1182
101,3,439
8,39,237
41,19,367
31,48,710
13,3,50
35,18,384
24,203,2282
50,115,2731
24,164,1797
23,88,1029
41,216,3847
13,314,1886
29,80,1110
8,241,1094
45,7,233
75,52,1758
9,84,469
45,213,4422
53,55,1310
57,178,4639
15,372,2229
9,422,2154
25,156,1776
41,124,2353
44,195,3802
20,369,3395
34,51,780
20,201,2046
67,61,1767
9,368,1814
64,62,1809
15,79,589
16,98,836
17,427,3522
44,227,4463
84,50,1889
25,103,1275
103,5,453
55,142,3351
12,215,1347
31,103,1565
105,71,3516
73,81,2633
97,18,1004
106,30,1572
113,53,2680
31,185,2869
72,116,3648
19,230,2074
52,218,5278
22,128,1439
102,27,1453
64,164,4358
25,254,2916
65,54,1549
25,143,1798
40,29,634
100,40,1830
63,23,744
42,60,1141
29,393,5472
118,92,4675
83,84,3184
17,356,2905
37,23,453
23,109,1137
79,89,3029
29,143,2092
48,201,4258
29,272,3230
21,244,2555
16,590,4222
24,322,3543
58,183,4834
9,706,3424
12,658,4059
47,118,2535
12,337,2237
13,154,1042
55,8,267
103,50,2391
56,59,1479
29,260,3278
91,67,2813
98,2,368
51,65,1625
11,557,3161
40,195,3443
98,106,4660
14,232,1628
100,111,4643
33,34,569
12,362,2391
28,233,2994
11,556,2589
30,302,4000
71,11,434
22,283,2905
66,107,3047
17,218,1811
26,352,4321
21,23,278
17,85,760
82,67,2501
39,148,2618
102,52,2303
17,148,1171
74,106,3538
78,92,3177
111,29,1617
22,82,860
91,17,747
26,3,89
56,137,3421
8,539,2259
49,77,1775
95,28,1274
38,69,1242
8,322,1508
57,54,1368
43,107,2168
113,30,1612
68,6,296
16,378,2887
18,199,1887
56,53,1356
17,298,2538
18,242,2162
64,142,3920
121,86,4804
53,16,512
22,113,1233
19,295,2560
56,66,1662
111,54,2616
42,127,2504
77,100,3417
38,99,1779
101,25,1316
46,134,2785
50,146,3233
53,73,1728
64,104,2919
23,292,3396
111,82,4190
14,28,208
104,55,2482
45,124,2659
42,193,3726
128,82,4384
52,183,4307
84,62,2428
40,175,3053
110,87,4482
17,393,3146
8,592,2621
95,13,654
18,325,2678
37,124,2201
22,185,1849
14,235,1614
39,91,1699
46,68,1399
8,284,1282
15,64,483
32,270,3980
8,389,1711
61,106,3074
13,370,2489
28,31,452
78,83,3167
72,83,2706
52,188,4715
39,168,2795
20,31,331
27,203,2714
48,36,865
30,106,1533
17,134,1087
20,156,1477
45,18,484
21,190,1938
82,112,3749
108,95,4356
12,279,1781
19,168,1495
92,67,2833
63,181,4895
22,223,2459
54,49,1178
13,441,2932
40,235,4147
26,297,3974
86,95,3513
30,170,2562
119,73,3762
50,166,3526
45,163,3365
77,47,1777
126,107,5934
32,74,1142
99,101,4665
10,87,477
55,37,854
13,156,1065
38,39,729
52,84,2019
120,39,2130
11,184,1005
44,207,3667
37,149,2330
64,124,3506
19,342,3173
12,400,2451
48,126,2682
27,296,3856
8,492,2193
46,207,3747
111,76,3869
9,223,1110
8,381,1357
8,266,1105
68,42,1280
112,94,4621
52,110,2368
112,99,4611
32,234,3609
106,56,2554
50,74,1760
105,10,729
32,272,3391
8,837,3717
17,45,393
113,20,1080
119,88,4672
18,30,288
40,32,601
114,74,3957
13,71,474
9,102,490
24,184,1903
31,176,2384
36,128,2116
8,481,2171
115,96,4390
112,105,4906
113,103,4971
54,135,3327
108,113,5865
46,132,2670
31,107,1636
14,253,1828
42,144,2466
42,22,530
11,591,3327
106,61,3032
48,55,1188
42,33,653
27,116,1501
13,136,889
29,18,314
26,390,4580
24,27,340
66,111,3115
25,136,1580
35,245,3978
16,46,378
21,81,883
29,243,3254
56,12,435
10,608,3219
109,30,1620
31,351,4917
81,108,3639
115,75,4306
19,93,935
85,23,1072
14,137,943
60,164,4108
87,120,4568
36,160,2567
112,30,1600
74,55,1815
38,166,2841
11,100,580
18,45,458
30,356,5435
47,180,3844
57,6,246
63,16,614
59,155,4204
113,48,2369
25,192,2122
8,160,761
35,162,2662
27,312,3996
94,12,649
11,536,3152
31,281,4065
54,32,795
14,194,1378
12,553,3543
87,103,3923
31,232,3272
121,5,561
114,34,1808
70,75,2588
96,85,3717
26,246,2833
50,208,4333
10,235,1288
43,129,2593
9,396,1836
10,609,3145
100,104,4374
58,78,2010
33,103,1645
21,270,2715
46,124,2606
54,121,3018
68,56,1655
38,149,2361
20,278,2642
20,3,71
21,226,2342
30,66,929
14,282,2102
24,261,2721
34,50,784
18,392,3323
20,6,85
99,24,1258
31,279,4069
71,25,891
50,5,181
98,61,2860
18,22,246
48,101,2096
77,126,4558
14,76,557
17,175,1589
8,68,368
89,117,4412
64,110,3048
91,119,4461
92,81,3231
108,84,4166
31,230,3368
16,306,2412
120,13,874
24,200,2230
8,612,2766
59,84,2283
56,7,299
23,80,893
16,272,2121
12,145,886
9,345,1663
62,63,1927
9,524,2726
13,113,811
120,42,2212
50,85,1963
11,394,2267
51,80,1920
61,108,2778
16,229,1691
28,160,2079
96,40,1594
72,54,1789
17,254,2076
75,39,1370
32,253,3734
22,276,2893
82,31,1207
32,62,911
28,265,3141
46,40,860
53,94,2172
43,67,1294
57,203,4561
44,54,1024
63,94,2613
72,3,284
31,207,3027
14,107,798
26,287,3870
8,369,1607
45,187,3678
73,30,1037
23,98,1128
97,103,4225
105,3,461
84,35,1300
122,11,823
32,283,4057
15,591,4330
45,173,3414
26,340,4060
17,224,1718
85,67,2595
27,398,5060
10,46,263
46,144,2850
47,109,2240
16,552,4377
8,420,1908
22,107,1187
124,29,1851
89,121,4734
10,268,1323
50,15,455
79,45,1691
64,137,3838
27,180,2514
11,656,3698
114,12,859
27,199,2713
19,465,4545
9,94,470
102,100,4319
59,32,857
10,579,2462
43,73,1468
33,70,1019
64,76,2223
70,51,1738
111,114,5662
54,168,3865
126,93,4870
31,258,3510
14,208,1416
18,192,1581
16,450,3417
20,247,2342
27,131,1617
11,372,1833
10,201,1053
11,393,2308
19,341,3145
8,115,551
114,26,1814
16,28,230
127,17,1155
11,5,47
22,41,430
28,98,1362
16,222,1698
35,93,1406
10,44,251
54,27,727
46,84,1825
8,487,1810
15,241,1914
64,66,1889
91,30,1345
11,274,1602
23,152,1596
44,82,1572
26,39,517
76,22,1140
62,16,628
74,44,1628
13,20,135
33,73,1109
65,48,1472
16,104,819
8,63,357
9,147,678
51,48,1204
10,98,550
64,41,1185
20,66,654
8,197,926
12,199,1332
56,21,574
14,9,81
35,16,370
9,20,104
38,7,198
94,6,451
106,11,691
10,75,456
50,30,734
60,2,195
23,87,960
13,49,329
61,52,1373
65,14,506
52,38,933
52,17,416
19,33,327
50,29,724
16,140,1182
8,106,522
17,38,335
39,54,946
27,58,716
19,21,210
40,113,2161
51,94,2023
17,136,1052
64,74,2331
121,66,3496
35,155,2615
12,451,2673
16,510,4211
14,249,1710
28,140,1801
75,69,2374
17,86,748
78,4,317
124,65,3504
32,315,4429
30,300,4178
110,53,2925
40,119,2163
22,311,3190
13,343,2284
83,17,682
63,129,3529
65,16,640
109,113,5891
91,93,3720
14,82,596
91,46,2016
30,199,2540
23,219,2415
73,15,649
19,132,1145
80,54,2093
50,129,2728
23,111,1138
37,56,943
30,148,2103
114,68,3985
128,106,6168
22,249,2768
27,52,679
89,6,419
53,102,2410
29,253,3548
52,98,2428
34,160,2448
54,102,2617
114,41,2067
115,11,765
95,56,2319
33,187,2887
15,130,933
26,226,2861
20,359,3396
19,301,2967
26,35,436
75,78,2850
89,107,4260
113,4,511
119,103,5272
11,543,3097
120,86,4544
9,555,2690
18,169,1573
10,499,2717
118,29,1850
90,84,3527
56,79,2041
43,14,347
75,15,577
16,400,3089
53,139,3484
104,115,5087
33,112,1566
30,225,3104
61,78,2098
57,44,1237
11,126,701
59,36,1085
8,665,2998
11,104,585
71,45,1528
17,309,2352
32,201,2838
16,494,3363
24,32,380
120,3,552
54,156,3972
46,227,5203
127,76,4237
18,394,3536
116,69,3611
63,79,2456
103,46,2238
15,47,376
55,12,411
62,151,4022
19,10,134
56,177,4231
18,282,2525
113,54,2675
115,61,3218
52,60,1349
12,328,2012
13,386,2487
27,225,2843
97,107,4610
50,186,4030
31,366,5242
84,38,1376
19,396,3360
30,275,3807
17,163,1434
112,14,966
117,45,2562
93,35,1413
91,26,1388
53,89,2122
31,65,1019
32,75,1229
59,12,447
95,18,974
54,5,205
15,679,5038
124,10,883
24,125,1416
50,51,1240
14,254,1817
60,199,5012
8,490,2200
22,267,2752
35,104,1623
36,127,2141
98,126,5264
14,5,56
17,82,696
8,69,370
27,40,520
13,149,933
25,188,2174
56,18,584
57,69,1839
15,213,1540
9,222,1062
25,160,1851
89,46,1949
54,61,1472
31,248,3427
55,217,5718
61,223,5966
10,226,1245
122,20,1372
19,57,581
43,82,1542
72,58,1749
44,85,1724
49,96,1946
51,31,880
15,374,2587
14,151,1122
48,31,823
48,56,1203
31,80,1003
80,49,1623
29,435,5387
21,83,830
92,47,2089
16,724,5617
20,36,390
30,67,949
23,20,215
47,61,1273
12,98,633
21,177,1666
47,48,1089
19,103,990
26,6,106
10,25,155
68,67,2152
84,15,653
37,26,464
26,60,726
79,49,1597
45,89,1784
19,215,1946
25,44,579
30,56,792
19,39,374
17,140,1243
88,6,414
98,35,1496
44,109,2076
28,94,1205
25,161,1837
14,4,54
26,21,273
63,43,1222
18,31,302
46,49,1072
35,27,468
28,26,353
99,55,2384
11,162,893
75,53,1915
24,7,125
26,188,2246
52,47,1229
21,165,1557
97,52,2197
37,82,1352
31,131,1778
23,174,1934
13,195,1251
53,76,1786
41,78,1543
13,360,2555
80,2,281
27,137,1662
11,288,1663
37,10,243
62,22,768
12,76,489
76,29,1138
27,25,336
14,42,313
35,99,1659
18,27,263
20,22,272
31,7,156
49,59,1294
123,10,885
8,40,245
105,18,1083
24,133,1468
16,87,697
112,35,1783
21,117,1188
99,21,1323
48,5,174
16,145,1125
20,152,1416
47,86,1900
34,184,2852
108,19,1010
19,216,1970
99,35,1510
30,140,1900
13,75,558
26,102,1190
19,78,702
18,320,2868
35,276,4416
9,755,3678
96,26,1450
15,196,1383
90,28,1201
92,39,1688
57,3,213
46,15,421
51,55,1327
25,40,486
28,10,188
52,21,534
13,19,143
69,43,1348
86,6,403
32,105,1620
19,127,1171
93,25,1194
89,22,1322
8,97,476
46,37,724
52,3,193
124,21,1349
107,38,1790
34,87,1422
104,11,676
111,11,733
92,79,3620
22,352,3664
33,96,1331
76,79,2927
11,156,875
78,77,2706
32,159,2289
49,121,2764
120,94,4860
50,32,730
28,91,1262
30,104,1395
74,25,923
78,26,1186
27,103,1338
11,182,994
26,11,154
23,130,1379
18,59,555
13,106,705
14,206,1436
61,46,1390
27,67,873
50,47,1168
31,44,689
32,88,1364
114,5,519
26,72,855
21,91,922
29,43,591
60,42,1162
9,55,275
83,31,1233
15,101,768
41,40,772
18,55,499
115,2,460
37,121,2097
9,382,1477
92,57,2420
73,27,1013
21,9,112
88,88,3596
25,327,3772
42,88,1677
26,200,2395
12,91,575
22,250,2740
92,20,858
10,485,2798
28,130,1669
40,181,3253
66,104,2961
33,60,898
33,205,3261
10,383,2030
47,28,662
20,8,97
110,93,4395
48,99,2033
86,45,1874
34,48,849
72,33,1077
33,211,3186
124,14,1086
14,553,3881
41,52,951
65,79,2540
27,140,1688
16,455,3305
53,120,2888
20,370,3387
111,30,1565
69,23,877
121,17,1040
28,87,1134
47,99,2148
71,49,1584
22,57,641
15,43,325
47,117,2501
12,335,1957
57,143,3509
40,53,963
14,211,1412
15,515,3809
29,269,3595
62,10,417
19,270,2489
36,46,843
122,64,3371
88,114,4344
12,54,359
29,280,3816
21,123,1278
97,42,2044
29,295,3920
49,193,4549
73,21,985
12,258,1373
18,248,2069
8,321,1463
93,55,2273
16,137,1049
128,53,3046
19,250,2404
31,259,3668
62,101,2707
82,56,1973
18,176,1418
30,62,938
62,81,2231
79,84,3067
30,254,3701
27,159,2195
110,49,2247
18,220,1886
19,143,1305
27,313,4146
25,273,3224
21,183,1789
12,286,1889
12,371,2317
59,99,2688
19,330,2905
100,97,4260
52,58,1270
31,108,1446
34,192,2873
11,101,566
122,45,2656
101,32,1547
11,563,3309
59,139,3544
13,21,156
27,77,1071
26,167,1993
40,206,3629
10,434,2228
64,33,966
19,99,965
102,71,3431
81,99,3600
9,138,666
92,43,1942
45,118,2425
11,482,2736
38,82,1379
22,61,631
9,415,1638
23,358,4077
9,498,2454
76,60,1991
128,20,1438
82,25,1026
9,484,2297
72,110,3497
60,153,4350
18,221,2045
9,455,2094
82,94,3328
29,225,3002
124,92,4955
90,54,2177
17,243,2000
28,209,2617
22,83,900
32,84,1333
103,71,3445
12,441,2857
9,567,2714
28,60,779
16,310,2438
10,192,1000
64,186,5226
22,171,1924
16,420,3269
32,120,1770
117,59,2942
12,6,57
23,229,2372
16,543,4259
29,52,722
14,169,1131
18,312,2726
46,101,2048
53,79,2058
93,51,2452
66,27,880
82,81,2956
40,191,3188
16,388,3201
9,662,3234
22,354,3669
30,337,5037
71,109,3513
92,34,1490
76,2,263
79,5,324
91,65,2546
26,152,1760
12,61,365
31,269,3831
36,96,1404
86,56,2123
33,12,265
14,67,496
17,252,2031
104,53,2536
11,111,606
16,35,287
27,143,1934
38,87,1603
76,109,3726
26,355,4362
29,118,1571
52,50,1166
57,88,2324
126,78,4589
44,134,2559
23,375,3514
12,594,3619
34,79,1182
13,91,635
12,348,2224
11,470,2791
19,159,1604
31,121,1785
35,149,2479
110,98,4961
22,179,2004
8,703,2589
9,234,1109
61,127,3377
27,228,2768
93,76,3152
15,577,4202
35,200,3227
36,189,3351
57,141,3470
123,53,3153
12,111,668
22,394,4187
26,47,587
45,123,2579
18,268,2343
57,20,539
53,74,1908
116,44,2208
97,23,1225
16,75,659
23,350,3703
91,13,624
12,231,1365
41,199,3686
95,21,1271
53,137,3151
11,604,3458
39,83,1536
13,469,3104
39,128,2448
36,156,2467
96,70,2987
108,114,5469
46,41,819
34,177,2802
14,356,2544
23,340,3724
28,93,1188
25,282,3397
88,95,3509
100,59,2529
61,192,4820
23,158,1782
53,57,1496
117,73,3693
38,135,2278
65,69,2050
21,22,290
97,5,420
53,24,625
117,27,1727
63,183,5242
60,49,1372
78,74,2719
16,57,468
8,714,3251
12,379,1857
14,58,403
50,131,3128
21,348,3689
95,77,3390
19,372,3145
102,9,599
27,152,1846
117,96,4547
110,16,1066
27,10,182
11,659,3708
85,92,3488
108,72,3459
20,9,107
41,143,2787
42,111,2049
60,38,1098
18,407,3485
23,344,3652
57,191,4797
128,77,4338
37,130,2113
18,352,3108
25,220,2630
66,97,2812
49,205,4340
46,30,668
61,184,5326
22,114,1177
24,265,2749
9,720,3028
58,199,5371
13,170,1111
10,565,2991
64,113,3275
14,220,1520
21,186,1790
11,195,1052
98,27,1371
127,13,1013
12,213,1280
13,319,2325
94,4,401
127,71,4602
10,346,1822
11,57,350
29,234,3281
64,43,1272
18,246,2158
66,125,3560
25,303,3564
61,75,2249
104,71,3487
11,173,1061
25,206,2360
50,175,3802
13,201,1295
12,137,887
32,78,1247
106,69,3252
36,120,1946
31,274,3954
34,227,3447
56,124,3225
63,52,1427
8,20,145
25,65,857
64,99,2697
54,78,1876
18,359,3140
13,446,2442
12,522,3360
43,24,517
62,95,2504
17,53,442
84,44,1850
98,5,425
52,87,2059
18,400,3406
74,91,3151
95,9,539
25,374,4123
75,107,3531
101,67,3099
52,172,4288
19,213,2022
57,196,5322
14,274,1950
57,168,4070
60,31,898
100,22,1482
107,36,1792
21,267,2683
103,8,559
70,59,1851
32,133,1921
116,100,4954
13,163,1029
41,72,1358
117,58,3232
64,170,4634
12,514,3110
12,288,1801
10,125,714
18,395,3299
102,58,2741
40,138,2413
46,162,3315
19,163,1572
105,101,4925
27,327,4092
81,17,668
76,58,1880
46,179,3772
14,209,1409
39,21,401
122,15,1009
22,306,3439
33,236,3512
82,110,3862
42,133,2407
61,86,2352
88,39,1685
126,22,1563
40,13,293
10,415,1906
97,13,669
18,153,1225
9,133,692
16,238,1849
103,48,2212
13,383,2515
86,116,4207
22,146,1428
73,120,3797
12,287,1774
32,129,1823
85,50,1901
33,76,1186
42,75,1568
97,3,417
53,196,4619
13,285,1906
32,262,3525
14,434,2966
105,6,517
15,320,2324
35,105,1562
19,439,3946
22,55,601
16,439,2907
61,133,3259
54,88,2174
48,181,3896
20,118,1128
32,21,327
45,146,2742
48,45,1051
11,306,1739
48,50,1094
40,48,966
49,203,3995
8,505,1838
71,93,2867
95,27,1331
21,146,1452
124,78,4305
23,35,376
106,68,3339
73,28,971
30,69,1021
62,11,371
14,340,2404
11,193,1051
10,251,1300
9,93,490
10,454,2182
89,53,2335
8,177,823
114,31,1751
10,243,1273
46,56,1172
123,2,504
10,82,450
8,668,2994
51,149,3112
17,201,1638
27,38,467
17,296,2507
45,130,2504
26,52,662
8,480,2146
27,4,93
25,180,2111
26,19,247
87,6,408
62,94,2535
92,25,1157
29,140,1965
36,83,1451
60,96,2380
48,32,705
113,35,1798
16,91,724
87,13,594
70,8,351
69,65,1987
12,22,176
59,127,3230
11,431,2424
53,98,2450
125,53,3292
10,300,1627
26,94,1146
8,38,229
22,28,308
9,269,1289
23,181,1789
59,37,920
90,6,425
109,11,713
37,109,1779
8,535,2405
22,119,1280
26,100,1229
25,98,1246
8,127,624
36,104,1640
23,251,2595
12,53,358
15,351,2620
111,42,2136
29,35,473
14,359,2692
46,106,2316
34,153,2539
95,86,3735
127,50,2909
17,180,1474
25,307,3533
53,153,3269
100,91,4283
28,194,2536
25,262,2766
82,107,3998
48,19,419
43,9,223
24,306,3427
16,392,3006
62,72,2000
127,44,2477
117,83,4274
61,128,3313
21,324,3223
126,9,776
16,205,1624
60,117,3141
46,63,1448
125,84,5445
79,108,3637
19,32,334
47,84,1832
21,257,2366
16,453,3509
51,15,466
12,363,2340
17,294,2629
64,105,2871
13,451,2464
26,377,4308
128,42,2402
9,31,176
19,194,1969
13,544,3564
52,59,1352
75,10,485
109,19,1019
43,192,4011
15,359,2644
72,20,678
32,335,4750
14,548,3807
49,104,2186
72,38,1343
112,60,2798
25,305,3595
27,354,4338
85,117,4173
8,262,1102
16,150,1093
88,105,3819
86,40,1492
26,130,1504
16,276,2296
101,99,4532
81,96,3155
24,56,648
26,192,2261
114,19,1312
26,81,1075
56,48,1328
38,210,3597
55,107,2760
15,536,3998
62,144,4168
102,101,4848
113,93,4427
11,236,1417
57,2,180
18,315,2595
12,27,178
35,170,2626
118,59,2927
8,790,3555
65,39,1180
11,12,101
10,177,961
22,365,4014
56,105,2478
8,365,1666
32,226,3150
24,110,1151
122,49,3097
25,73,893
37,85,1487
17,182,1457
50,201,4403
64,121,3504
104,41,1813
12,117,737
29,314,4513
31,92,1330
12,534,3435
91,72,2910
113,50,2488
27,207,2918
42,59,1122
13,597,3851
109,39,1933
21,102,1068
26,373,4186
28,76,1011
73,85,2833
38,24,461
41,134,2582
15,111,801
43,44,948
29,336,4356
8,244,1133
35,85,1401
20,193,1821
93,41,1701
13,231,1472
24,276,3110
70,66,2077
47,85,1838
63,40,1160
106,90,4421
47,111,2293
25,145,1645
14,485,3377
34,97,1500
18,126,1040
82,18,854
122,29,1841
66,35,1012
15,259,2132
13,9,76
14,374,2531
109,23,1370
27,252,3041
46,20,440
33,33,524
44,108,2089
110,46,2390
18,372,3353
110,99,5012
9,356,1734
8,378,1586
23,363,4172
104,4,456
47,9,241
30,97,1315
111,12,815
18,285,2750
25,79,884
52,107,2640
11,261,1416
9,592,2806
23,284,3192
11,320,1837
20,196,1789
23,365,4276
65,63,2063
26,10,176
101,62,2935
119,49,2574
24,252,2698
14,348,2601
44,141,2696
38,77,1449
44,9,227
10,291,1586
10,492,2495
71,51,1746
19,156,1378
51,23,600
16,268,1942
64,103,2915
33,147,2282
117,9,704
57,130,2942
108,44,2243
48,203,3728
63,104,2769
63,5,247
79,104,3383
11,398,2225
46,125,2695
8,192,880
63,69,1963
86,27,1200
15,230,1716
77,77,2680
34,25,446
14,443,2935
110,11,725
69,71,2481
65,11,389
13,127,873
117,32,1755
12,230,1425
72,111,3485
42,103,2042
20,217,2011
17,154,1301
97,60,2466
27,118,1516
119,85,4508
10,456,2519
83,64,2267
103,34,1664
20,197,1972
35,13,266
48,127,2782
82,53,2190
22,9,116
33,99,1563
100,77,3452
80,20,750
38,20,368
39,38,718
121,35,1965
22,68,706
20,150,1358
26,299,3468
32,295,4338
38,89,1560
12,486,2943
15,579,3720
25,151,1904
36,119,1975
13,277,1957
61,84,2327
61,142,4017
21,341,3465
128,87,4963
71,15,619
72,105,3164
11,446,2470
35,176,2651
19,264,2287
9,346,1772
9,451,2143
73,93,2897
13,206,1329
79,56,1926
12,450,2743
46,3,163
30,78,1058
113,10,801
84,12,562
26,16,271
59,193,5498
76,68,2631
11,529,3374
61,189,5464
12,55,341
59,174,4473
11,350,1989
28,96,1174
52,25,643
10,78,426
10,406,2258
70,18,724
12,386,2347
104,20,969
53,61,1412
108,108,5258
11,342,2096
31,292,4141
55,87,2182
31,235,3297
61,160,4444
98,96,3823
24,135,1483
105,23,1327
85,12,574
53,178,4312
32,56,836
41,190,3425
43,204,3783
120,85,4596
32,146,2163
31,214,2922
106,36,1756
23,353,3671
15,145,1089
87,72,2804
8,795,3562
35,187,3202
88,73,2809
31,129,1778
76,63,2131
81,55,1984
10,269,1398
9,45,228
16,370,2680
23,86,957
82,106,3691
22,262,2478
17,107,982
33,247,3921
26,128,1698
99,116,5720
20,232,2203
10,510,2689
63,33,945
33,126,1804
22,294,3253
56,75,1950
79,50,1827
19,47,453
125,40,2255
16,110,844
87,15,683
115,40,2066
11,175,985
86,102,3726
89,60,2257
23,208,2184
45,69,1461
26,354,4323
89,5,374
16,482,3811
93,62,2728
21,96,902
20,104,946
18,156,1324
73,39,1334
14,387,2701
118,41,2152
8,78,437
15,58,430
24,143,1585
76,81,2640
16,184,1326
17,193,1574
21,222,2184
82,58,2010
40,97,1866
16,220,1675
79,48,1793
105,63,3034
45,36,803
72,9,395
20,166,1627
21,129,1264
66,5,260
41,28,570
79,34,1268
81,40,1448
17,205,1721
26,37,427
71,23,906
111,18,1143
36,49,785
12,206,1246
34,17,273
60,29,864
113,25,1428
46,2,135
43,56,1090
38,31,672
119,9,691
71,44,1555
50,27,655
66,42,1307
33,86,1309
25,13,195
122,33,1992
54,50,1212
15,222,1626
23,83,922
20,17,171
21,230,2328
44,67,1362
71,39,1323
24,139,1545
75,115,3661
22,108,1066
117,50,2545
35,198,2938
57,41,1034
33,129,1885
78,57,2174
60,45,1287
43,227,4380
20,316,3053
63,101,2798
78,2,272
59,6,255
56,61,1454
24,64,688
17,87,724
11,230,1365
11,214,1170
79,11,491
41,26,509
11,141,805
64,68,2000
34,21,345
12,70,437
55,86,2150
20,93,980
19,46,445
9,485,2352
10,588,2502
43,5,156
18,54,462
65,4,253
15,165,1152
36,20,350
61,5,238
116,41,2106
43,55,1078
20,74,778
117,17,1002
26,13,205
25,7,129
89,10,589
12,142,864
8,219,999
40,63,1273
41,74,1487
46,54,1040
49,43,969
32,63,1012
33,66,1028
20,43,410
93,19,875
9,218,1033
20,34,371
10,131,702
74,20,696
10,116,623
65,8,317
10,136,687
13,74,532
23,78,844
52,40,944
49,8,229
16,88,745
37,63,1187
62,35,973
49,41,895
12,96,590
24,68,759
13,185,1166
92,23,1146
65,3,252
52,11,311
97,11,623
9,97,475
57,30,793
94,16,782
45,46,1040
45,22,572
9,127,654
99,12,689
70,2,235
11,121,733
23,118,1343
120,9,731
24,145,1628
30,55,817
11,20,119
93,23,1169
28,111,1410
56,29,808
37,103,1782
10,285,1674
118,9,716
16,69,558
48,40,869
56,6,242
90,31,1300
26,38,497
50,93,1974
11,293,1805
52,30,756
121,21,1313
13,84,578
66,19,573
8,326,1494
35,158,2463
32,98,1541
24,138,1515
11,92,537
10,308,1679
11,353,1965
110,21,1181
20,48,478
32,287,4148
59,65,1886
108,120,5617
96,112,4406
69,21,933
8,753,3398
19,393,3538
16,516,4051
46,55,1141
31,362,5439
24,258,2705
9,410,1971
15,116,888
31,360,5086
65,67,2002
34,19,311
61,96,2522
89,19,839
63,28,897
78,54,2079
62,114,3098
39,35,621
33,24,405
16,574,4398
24,105,1105
53,26,657
14,277,2064
13,65,486
29,22,372
39,88,1538
35,73,1222
33,26,411
54,48,1255
19,17,165
17,211,1615
47,92,1941
45,28,633
25,278,3310
77,127,4116
119,47,2605
43,149,2641
62,90,2640
101,93,4017
12,301,1936
34,247,4036
10,316,1658
57,201,4575
68,28,959
36,111,1749
109,63,3200
86,100,3593
41,97,1779
15,461,3486
122,8,693
23,153,1817
58,45,1215
13,306,2125
13,622,4338
40,153,2536
11,146,855
94,101,4439
8,622,2822
72,103,3209
39,98,1834
14,95,676
62,87,2451
8,44,261
46,87,1815
11,240,1336
19,252,2219
36,94,1513
20,183,1750
98,56,2370
115,100,4927
15,477,3776
8,760,3411
52,14,421
14,596,3939
104,19,970
16,36,313
109,110,5062
95,73,3029
55,171,4252
100,65,2870
74,116,3722
11,570,3289
63,41,1138
98,53,2593
8,324,1495
38,152,2764
69,18,724
110,28,1520
16,141,1092
17,129,1026
31,114,1569
89,91,3702
126,79,4720
85,83,3240
20,385,3566
58,59,1494
9,473,2444
128,19,1265
13,429,2787
14,307,2160
24,316,3529
92,106,4206
89,113,4404
62,180,5701
35,199,3061
27,87,1106
42,29,622
95,114,4890
41,206,3748
119,21,1307
128,94,5066
118,76,3950
50,66,1493
56,118,2915
9,42,217
32,97,1393
42,12,319
123,67,3786
19,286,2813
127,42,2427
54,174,4059
116,68,3704
51,128,2969
91,40,1668
108,76,3625
62,36,1053
77,76,2581
43,8,202
35,84,1418
100,86,3913
86,32,1314
125,60,3120
16,395,2941
8,299,1375
17,121,1075
100,15,801
68,52,1549
8,673,2969
25,76,932
119,10,849
13,523,2922
11,149,905
24,86,969
31,161,2182
40,214,3541
31,109,1482
113,14,963
42,93,1687
10,481,2757
34,231,3795
118,78,4078
43,221,4617
47,119,2532
45,66,1363
29,373,4592
30,126,1669
23,196,2080
15,172,1277
29,342,4953
35,204,3189
99,32,1509
41,117,2175
67,123,3451
45,39,840
66,65,2093
56,132,3219
21,109,1020
93,48,2013
124,68,3871
10,439,1884
42,10,276
55,6,237
32,368,5495
77,118,3996
27,82,1061
11,7,66
10,45,253
28,220,2807
56,123,3052
10,128,743
29,106,1439
71,38,1270
54,40,994
64,73,2075
42,99,1939
19,45,438
71,61,1948
13,365,2537
34,56,898
33,102,1605
47,13,348
89,68,2795
76,54,1973
85,27,1172
89,66,2616
26,262,2884
10,179,1001
82,17,677
51,156,3419
8,100,487
50,141,3054
76,3,306
18,65,630
8,129,596
62,33,947
44,5,160
113,49,2494
64,52,1448
112,51,2674
63,126,3548
63,160,4633
48,192,4032
61,176,5004
31,90,1376
20,383,3602
12,340,2129
24,39,489
14,311,2264
47,98,2174
25,12,203
20,242,2341
25,74,932
55,169,4404
33,91,1464
112,42,2107
34,63,1096
19,72,674
67,77,2331
25,214,2408
20,98,987
27,74,1009
12,275,1733
91,70,2907
19,3,68
16,430,3367
91,112,4145
17,367,3087
13,449,2878
47,53,1154
11,655,3717
14,246,1691
41,214,3986
47,15,425
73,62,2030
111,95,4524
12,43,270
25,276,3236
30,345,4702
11,63,421
30,171,2538
82,6,381
48,128,2800
107,54,2580
26,375,3969
14,635,4542
30,29,505
14,72,525
51,147,3416
53,163,3879
100,81,3486
23,54,595
30,45,650
53,213,5376
99,96,3865
28,248,3090
62,173,4645
32,70,976
71,37,1091
34,249,4158
14,451,3058
23,273,2965
10,37,202
32,109,1534
8,558,2553
78,65,2254
70,109,3448
49,171,3527
43,214,4038
11,119,698
101,11,653
54,3,201
25,211,2449
18,281,2618
78,42,1534
68,53,1693
61,198,4976
8,596,2162
17,114,915
8,585,2539
74,3,293
58,8,282
88,128,4841
15,135,984
25,301,3799
72,18,754
19,147,1347
62,9,329
27,205,2548
18,9,99
45,195,3938
41,111,1986
33,4,111
29,228,3017
40,250,4723
44,95,1852
86,34,1394
68,77,2328
30,332,4783
56,58,1352
18,5,68
8,15,127
92,89,3538
8,218,946
88,49,1776
75,9,413
15,530,3404
11,640,3423
118,101,5009
104,103,4621
46,119,2494
9,558,2710
71,17,588
18,18,214
39,7,203
8,494,1803
19,41,362
22,56,607
123,41,2289
28,305,4282
20,299,2719
17,258,1979
57,67,1715
16,587,3959
95,60,2402
89,77,3052
61,27,789
23,386,4129
83,86,3256
10,695,3583
28,161,1986
35,83,1437
11,657,4111
20,72,687
25,367,3913
18,3,65
13,506,2871
31,11,179
48,2,141
11,362,2171
59,96,2369
73,60,1951
30,286,4234
98,77,3327
84,116,4288
20,290,2871
9,112,521
50,3,177
95,11,608
78,17,642
85,113,4481
30,358,5223
38,106,1868
18,112,914
16,620,4929
97,78,3659
58,47,1350
9,508,2455
23,401,4563
19,51,481
32,274,4046
55,58,1368
61,3,234
23,104,1102
97,26,1484
22,357,3692
37,170,2700
119,78,4412
100,44,2082
107,23,1346
20,330,3068
12,100,646
39,90,1705
19,180,1582
12,648,3686
52,133,2981
41,226,4142
32,64,892
62,128,3321
119,5,549
123,4,571
30,220,2968
26,232,2766
79,39,1445
27,302,3631
55,192,4623
12,526,3308
19,204,1977
31,227,3067
42,167,3180
29,117,1593
54,109,2549
21,59,623
81,128,4322
19,106,1044
14,518,3287
87,4,362
98,13,677
71,33,1065
53,180,4141
13,407,2782
17,113,997
10,520,2751
24,376,3884
112,2,443
18,117,1025
105,56,2543
10,540,2321
98,100,4378
104,116,6067
19,380,3310
61,41,1147
68,2,227
11,548,3369
113,99,5048
21,297,2992
35,191,2890
20,140,1298
8,336,1544
14,416,2853
122,91,5083
13,476,3086
99,46,2191
60,177,4593
37,169,3003
23,398,4217
12,132,762
38,130,2227
31,117,1698
56,175,4188
15,325,2413
36,62,1134
32,233,3210
30,261,3142
36,126,2238
20,397,3716
15,396,2756
9,352,1680
13,594,3290
47,114,2307
38,118,2176
71,41,1265
98,17,825
99,71,3313
58,34,959
39,131,2414
30,247,3376
44,111,2091
10,200,1051
63,174,4666
77,87,3150
15,236,1805
98,18,1014
62,194,5746
9,209,994
55,80,2048
92,88,3744
56,70,1650
14,321,2179
66,34,1091
24,285,3247
10,411,2300
121,19,1387
46,91,1984
47,100,2129
66,116,3521
52,136,3056
83,55,2025
33,8,149
9,334,1711
10,109,565
17,330,2607
50,188,4514
109,92,4385
24,334,3698
9,534,2665
71,104,3136
104,98,4625
10,225,1175
28,112,1334
61,116,3085
13,242,1526
12,443,2318
31,209,3079
58,106,2899
98,67,3005
51,43,998
72,77,2502
54,182,4388
12,314,2051
9,40,216
9,287,1410
15,126,1004
119,36,1976
22,132,1341
10,219,1178
13,345,2243
108,5,480
50,78,1767
47,40,876
34,157,2406
22,261,2510
17,276,2274
99,48,2175
10,467,2466
42,109,1983
22,210,2248
97,46,2084
9,297,1444
57,188,4678
14,219,1415
14,620,4326
65,90,2760
44,42,907
97,31,1441
47,81,1709
111,15,1003
58,150,3841
128,17,1177
126,44,2460
16,10,116
15,469,3523
75,92,3020
10,433,2463
120,91,4754
12,478,2428
33,241,3874
18,331,2748
21,43,475
45,61,1214
45,20,431
56,14,443
12,209,1292
29,271,3347
27,262,3006
36,133,2318
22,285,3216
24,112,1168
67,9,355
15,91,690
31,364,5186
18,382,3273
35,130,2032
38,217,3850
39,126,2419
26,353,4074
47,176,3361
10,418,2191
31,69,1005
40,105,1785
102,85,3928
8,250,1096
51,160,3530
30,320,4440
19,403,3205
36,114,2055
23,288,3026
53,6,228
46,169,3661
77,17,635
13,410,2820
12,240,1455
61,132,3419
87,82,3014
10,112,590
114,63,3499
12,583,3281
117,101,5038
94,59,2344
115,7,701
60,55,1478
38,120,2125
46,208,4045
21,378,3497
54,89,2163
73,16,598
81,68,2636
28,200,2552
84,121,4558
44,148,2785
18,107,1001
8,145,668
117,99,5251
24,345,3850
11,3,44
32,243,3545
8,428,1930
26,137,1624
64,185,5117
39,132,2282
32,176,2454
15,555,4171
14,263,1684
62,141,3820
32,194,2862
79,96,3050
11,43,251
17,32,300
78,66,2292
16,524,3730
42,51,971
55,175,4142
29,219,2747
66,78,2276
67,45,1450
57,116,3511
51,102,2430
9,353,1623
17,204,1684
16,157,1240
28,263,3392
95,43,2019
18,444,3706
121,88,4794
12,198,1195
58,147,3306
82,22,1226
75,13,501
96,35,1472
42,117,2225
8,200,926
106,93,4232
45,134,2679
50,112,2324
71,128,3817
57,145,3965
30,161,2137
17,228,1821
122,92,4902
104,43,2133
11,168,1049
87,102,3898
66,96,2632
9,704,3261
101,10,697
34,67,1055
29,329,4391
19,312,2710
11,206,1211
31,223,3074
9,159,889
8,54,312
45,67,1381
43,111,2164
18,322,2757
19,410,3696
26,154,1962
94,97,3993
29,90,1288
73,54,1899
27,14,233
121,62,3484
13,272,1903
48,119,2602
102,26,1520
53,215,5155
114,108,5421
11,359,2172
39,84,1537
15,447,3139
85,73,2709
56,103,2434
124,63,3797
8,37,220
45,216,4266
22,326,3596
59,76,1984
123,60,3087
34,133,2029
111,7,671
43,180,3415
10,633,3465
29,108,1399
87,91,3629
30,340,5255
17,210,1692
50,81,1816
17,221,1974
14,418,2908
10,71,393
57,24,677
8,852,3789
9,38,198
47,199,4154
10,513,2678
18,120,1068
17,109,879
75,61,2019
14,135,921
102,120,5083
16,566,4528
71,114,3473
86,14,664
59,7,316
28,227,2979
11,574,3238
17,161,1282
120,40,2121
72,104,3106
115,87,4716
18,345,2972
22,8,105
48,15,415
33,9,165
41,55,1022
80,64,2198
119,25,1621
55,101,2406
48,206,4268
17,147,1259
13,448,2698
42,91,1835
20,332,3307
59,197,4620
93,103,4134
10,122,664
40,76,1434
77,59,2063
123,5,573
62,53,1604
23,184,1826
8,394,1701
20,50,489
76,4,307
117,23,1402
12,24,172
70,52,1633
98,7,575
119,71,3986
39,153,2888
38,223,3835
14,448,3310
88,45,1813
25,158,1838
22,3,77
14,278,2091
98,43,2059
31,37,507
11,34,230
28,255,3313
12,576,3589
10,626,3258
14,55,417
14,127,926
14,499,3575
68,73,2174
120,67,3614
16,235,1755
16,43,349
112,66,3295
94,89,3617
82,30,1149
86,123,4366
128,112,5837
11,525,2402
41,145,2643
12,457,2951
12,445,2636
26,243,2959
64,146,4003
34,96,1413
12,373,2075
39,159,3025
16,291,2302
21,168,1807
31,34,541
11,447,2632
18,267,2384
9,290,1406
37,177,2924
13,236,1541
46,67,1398
8,908,3755
26,193,2277
75,82,2616
53,99,2414
86,76,3023
21,65,727
8,104,505
103,26,1561
18,361,3150
126,45,2740
13,139,918
54,81,1944
10,580,3016
85,119,4494
27,200,2577
13,346,2262
116,113,6174
38,42,722
8,873,3948
86,82,3300
9,213,1008
14,395,2636
50,70,1508
61,100,2615
43,18,464
31,323,4538
14,431,2940
101,20,939
42,186,3469
124,13,986
50,162,3910
56,187,4488
47,211,4452
85,79,3261
80,93,3197
84,119,4452
29,273,3682
41,90,1740
93,116,5631
36,68,1120
16,320,2520
123,87,4989
118,26,1776
29,287,4260
12,452,2893
60,207,4883
15,173,1299
47,97,2023
22,14,184
49,144,2978
119,106,5203
37,159,2729
16,444,3352
17,115,1026
12,575,3510
101,66,2942
100,46,2066
8,282,1311
15,339,2611
43,116,2686
64,35,979
77,30,1073
27,73,945
15,59,520
110,51,2682
49,40,932
116,83,4633
41,121,2342
39,34,664
8,328,1413
23,170,1953
30,375,4977
8,774,3494
18,93,897
15,587,4193
12,304,1891
86,86,3269
49,149,3392
99,15,792
122,6,629
57,199,5350
13,491,2701
121,45,2650
45,145,3189
75,27,1036
61,125,3362
11,437,2606
16,114,903
68,8,332
45,51,1182
35,114,1801
17,430,3767
16,295,2309
17,436,3696
31,337,4806
16,523,3839
40,162,2949
9,532,2788
52,52,1185
106,54,2526
10,646,3318
24,236,2602
80,116,4578
30,270,3748
51,181,4421
23,12,183
12,281,1736
84,57,2285
116,91,4769
76,32,1171
27,183,2128
66,89,2613
12,334,1863
16,41,339
17,20,167
21,27,300
22,85,956
10,591,3087
76,101,3206
13,575,3696
24,97,1147
11,503,2925
92,11,582
118,12,871
16,468,2980
49,63,1562
70,10,453
12,600,3763
26,221,2785
15,472,3476
21,280,2860
49,10,322
13,457,2621
16,507,3849
12,547,3105
16,376,2787
14,319,2364
14,63,525
11,401,2421
41,60,1116
62,202,5326
87,25,1122
117,18,1203
25,218,2365
15,7,84
12,579,2966
16,365,2946
8,382,1347
92,68,2918
39,154,2765
12,474,3049
34,95,1393
31,193,2689
34,18,374
22,286,3195
98,98,4417
16,559,4341
59,93,2370
8,346,1609
109,77,3695
8,872,3840
17,145,1175
9,342,1772
43,113,2303
43,69,1459
21,203,2179
34,173,2863
39,178,3295
16,349,2806
110,50,2440
65,36,1095
18,415,3159
25,83,994
44,99,2042
9,548,2723
10,149,756
20,100,962
96,6,463
39,149,2389
17,213,1696
19,125,1177
59,83,2335
10,252,1291
108,56,2621
9,462,2120
92,59,2301
76,120,3935
8,446,1585
107,28,1455
21,74,803
12,190,1200
61,122,3361
61,134,3340
8,216,1009
110,17,944
8,576,2604
85,47,1954
17,167,1390
76,16,628
10,563,3025
14,328,2288
13,510,3341
14,126,854
13,631,3904
76,65,2147
20,30,315
41,54,948
13,438,2831
13,180,1136
15,220,1711
12,9,71
67,58,1688
84,24,1087
13,228,1488
114,86,4495
20,318,3004
27,279,3599
74,92,3013
34,105,1538
112,68,4488
89,85,3413
51,171,3682
114,42,2131
8,231,1063
15,182,1352
11,370,2006
27,251,2932
128,18,1308
52,51,1306
17,93,830
90,20,840
20,134,1294
26,147,1592
63,108,2768
85,89,3305
62,171,5056
36,115,1988
21,35,355
87,44,1905
14,6,64
12,133,832
60,162,4343
40,31,688
20,322,2956
112,87,4353
39,52,924
123,89,4740
99,29,1457
98,66,2830
23,160,1729
104,112,4713
25,366,4292
97,24,1221
111,57,3008
30,272,3341
17,214,1805
25,266,2779
12,103,665
41,208,3795
10,267,1407
52,207,4244
27,365,4972
72,40,1190
25,317,4001
69,19,659
62,164,4358
19,223,2007
66,81,2321
115,66,3270
15,110,768
41,44,918
53,164,3836
57,160,3899
15,506,3635
20,88,910
118,36,1925
21,19,207
101,96,3972
20,256,2361
73,94,2955
58,175,4346
39,107,1982
90,119,4355
52,137,3131
18,52,481
65,23,779
12,603,3023
117,107,5719
44,44,995
29,11,169
127,105,5979
82,64,2236
52,140,3390
17,374,2950
8,301,1397
62,86,2534
15,332,2259
18,167,1538
13,7,75
59,75,2189
57,8,277
35,206,3231
20,311,2827
119,100,5215
22,367,3854
112,80,3367
11,586,3039
125,7,776
9,542,2646
46,23,560
8,809,3648
21,199,2138
117,24,1518
16,191,1440
10,255,1363
48,103,2159
60,185,4841
14,608,3727
107,94,4136
45,202,4054
16,281,2200
91,15,717
23,148,1523
60,101,2625
42,213,4149
16,569,4526
45,80,1708
14,611,4262
128,79,4487
68,11,407
99,7,582
9,188,979
42,73,1365
119,20,1153
14,176,1200
33,40,639
9,559,2702
58,70,1743
32,351,4682
24,141,1541
12,504,3094
22,19,215
103,112,4648
50,123,2817
65,21,664
109,43,2297
14,469,3502
15,268,1831
73,48,1658
54,33,827
82,10,545
109,36,1736
9,357,1851
17,244,2143
68,27,874
14,213,1454
24,274,3120
77,36,1326
20,69,694
91,25,1160
15,556,3619
59,196,5017
11,21,138
48,198,3847
105,98,4834
109,38,1828
23,385,4101
53,172,3974
64,36,1070
10,671,3474
106,75,3762
86,126,4741
14,150,979
10,7,62
53,17,423
87,75,3157
54,71,1695
57,183,4690
94,38,1538
33,223,3383
118,30,1803
61,29,881
27,257,2987
120,16,1009
8,263,1161
58,24,682
18,37,314
79,13,534
33,170,2529
64,102,2767
10,381,1732
34,73,1175
110,74,3918
32,312,4316
77,98,3522
13,252,1714
12,125,817
13,323,2081
16,197,1492
41,80,1539
10,431,1830
105,94,4218
12,417,2530
12,11,84
123,16,1024
22,235,2361
83,47,1935
16,541,4268
63,73,2019
52,204,4528
34,151,2564
15,178,1335
19,24,251
11,139,788
11,39,244
36,14,293
56,126,3187
11,415,1948
22,93,954
8,844,3531
59,81,2097
56,179,4505
114,23,1372
23,318,3395
40,151,2709
16,553,4312
16,24,218
16,225,1769
44,81,1598
86,26,1310
21,28,296
24,243,2732
72,17,598
95,92,3821
52,65,1690
45,159,3128
61,72,2020
103,107,4922
40,112,1822
78,90,3320
39,44,883
127,22,1563
38,49,886
10,370,1979
81,60,2039
39,225,4294
120,103,5243
12,14,119
85,93,3328
123,83,4750
118,40,2368
10,644,3350
25,376,4085
10,145,827
30,321,4360
31,143,2025
17,277,2334
117,19,1339
79,58,1946
121,42,2347
50,16,484
38,216,3603
36,148,2310
53,19,459
10,547,2649
52,7,277
61,91,2599
23,182,1813
26,103,1260
46,201,4052
63,114,3210
100,90,4219
19,208,1859
8,557,2477
14,533,3715
19,207,1966
25,20,231
49,116,3048
80,44,1726
11,407,2355
19,394,3470
14,238,1660
74,32,1138
38,60,1067
88,57,2334
103,54,2401
19,248,2239
14,590,4067
8,470,2119
82,27,1124
42,104,1830
26,79,920
31,367,5289
75,119,3999
15,328,2257
21,72,743
76,45,1626
80,38,1352
34,37,544
80,83,3019
40,84,1555
20,45,495
57,98,2609
20,82,800
28,192,2345
20,431,4057
22,178,1805
12,331,2117
8,199,936
17,51,460
98,70,3017
75,38,1304
28,433,5327
21,162,1508
54,13,395
17,5,65
25,210,2276
82,69,2582
103,12,721
69,70,2199
59,133,3191
99,66,2807
10,8,57
32,211,2872
8,124,612
9,425,2164
116,108,5544
91,24,1181
89,75,3112
87,119,4235
55,160,3820
94,31,1407
16,92,774
45,91,1952
20,284,2770
18,87,766
14,251,1679
9,49,246
23,301,3309
33,178,2662
9,465,2255
33,134,1989
53,39,987
29,181,2451
38,124,2250
48,79,1752
117,52,2583
17,273,2334
56,172,4154
59,48,1356
83,19,785
15,521,4055
76,111,3505
26,115,1492
31,73,1061
13,212,1345
19,96,827
123,44,2526
100,53,2581
14,429,3159
114,95,4595
28,193,2422
113,27,1499
20,273,2617
27,344,4192
20,75,797
57,27,752
91,102,4086
45,147,2681
85,35,1291
90,32,1388
40,78,1495
44,50,1000
66,20,600
15,125,987
23,190,1977
74,57,2067
103,76,3499
24,160,1788
11,528,3088
102,15,819
13,13,115
55,195,4776
40,54,907
29,86,1195
69,103,3260
17,35,295
63,168,4702
117,2,471
106,20,989
11,592,3261
70,15,630
24,161,1749
13,219,1370
10,54,308
76,24,995
14,128,909
93,87,3835
29,206,2730
22,11,134
10,80,444
12,341,2241
68,60,1767
23,150,1540
63,44,1315
46,18,494
41,115,2282
31,24,382
111,24,1433
31,98,1500
79,29,1177
99,41,1757
68,93,2676
9,18,124
46,112,2123
50,65,1594
39,109,1841
77,10,505
14,155,1141
48,94,1983
84,8,436
31,145,2231
29,17,236
98,34,1572
16,223,1730
98,14,735
125,19,1303
78,50,1766
108,91,4668
107,104,4650
46,127,2724
93,8,494
11,378,2030
53,128,3083
35,24,426
31,27,420
60,35,919
28,53,760
14,159,1216
13,543,3596
14,336,2149
12,30,205
32,161,2240
94,103,4176
56,98,2405
29,110,1380
81,118,4024
16,539,4164
23,197,2077
12,259,1745
8,877,3449
8,264,1096
85,60,2172
12,63,463
37,74,1348
9,162,750
63,133,3179
65,86,2591
16,615,4880
9,610,2931
59,142,3885
8,403,1799
34,166,2581
48,14,366
43,182,3600
16,630,4675
22,280,2995
33,254,4121
22,383,3904
29,137,1935
8,805,3609
31,71,998
110,18,1133
93,42,1859
12,326,1896
59,53,1515
51,187,4577
71,42,1496
121,105,5972
10,100,532
25,186,2132
28,235,3136
13,460,2714
100,74,3492
87,114,4336
16,267,1812
69,10,448
12,101,624
13,479,3108
30,188,2530
67,79,2605
103,78,3583
119,12,858
36,13,273
43,46,990
118,99,5237
37,197,2959
69,66,2031
53,130,3069
9,620,2993
8,571,2548
22,266,2548
40,80,1483
15,446,3194
17,300,2473
22,303,3141
9,438,2002
38,30,566
33,212,3302
23,42,495
76,43,1455
78,107,3634
8,937,4234
49,117,2565
52,10,361
47,6,195
32,302,4452
12,78,489
14,172,1306
122,110,5748
88,110,4046
42,39,798
10,64,355
122,41,2241
113,5,513
14,324,2267
14,577,3955
31,200,2863
123,37,2042
16,502,3468
116,35,1837
16,341,2738
81,26,1225
31,119,1716
37,22,474
112,58,2760
122,18,1253
8,280,1309
98,37,1525
14,383,2645
111,58,2756
17,128,1065
21,104,989
20,112,1016
55,69,1780
101,63,2959
28,228,2894
26,223,2615
12,68,442
25,140,1589
45,101,1989
12,58,362
97,38,1591
12,23,173
53,75,1972
19,235,2075
28,257,3096
87,93,3626
89,83,3426
72,30,1036
70,65,1999
63,120,3492
106,37,1722
111,10,733
67,60,1767
23,239,2613
89,61,2493
10,266,1463
38,142,2375
19,42,399
10,155,835
18,245,2300
99,38,1662
17,250,2182
14,303,2164
113,18,1163
86,111,3933
50,118,2740
13,145,1034
22,148,1537
85,46,1880
28,370,4403
23,221,2325
28,159,2124
10,97,517
26,326,4071
60,95,2462
96,21,1284
46,228,5208
26,185,2159
57,184,4606
15,323,2378
26,96,1072
49,89,1960
8,166,779
8,138,654
16,592,4586
33,189,3011
38,183,3190
24,232,2564
43,131,2716
36,188,3349
63,141,3839
50,18,534
74,9,405
8,201,923
59,69,1936
25,386,4427
50,135,3087
45,143,3144
45,158,3145
66,77,2294
45,76,1572
44,97,1883
52,149,3174
33,122,1716
78,18,814
15,637,4444
108,33,1584
9,253,1202
26,93,1105
19,191,1681
8,459,1930
123,80,4471
29,98,1392
30,41,572
53,156,3573
86,38,1414
15,257,1705
21,354,3408
42,85,1689
10,319,1848
88,25,1066
112,64,3126
14,129,897
30,406,5993
8,671,2446
48,100,2101
27,406,5471
28,58,724
79,97,3358
107,41,1974
70,128,3911
68,106,3142
13,354,2368
12,48,309
60,147,3875
29,350,4643
32,359,5280
41,220,4031
34,205,3336
45,201,4025
127,26,1754
44,48,1002
31,36,560
16,30,254
49,26,602
14,252,1807
86,120,4413
24,93,1056
48,135,2822
11,568,2781
48,146,2925
40,143,2534
20,117,1130
58,185,5049
20,185,1690
109,97,4693
74,97,3075
46,72,1466
15,216,1557
25,355,4233
20,404,3735
57,163,4297
27,300,3728
43,213,4258
58,42,1039
109,24,1356
62,85,2437
49,31,843
15,271,2098
30,119,1672
30,277,3872
12,283,1860
12,107,700
41,151,3012
67,85,2615
87,83,3392
73,101,3233
11,140,784
22,36,416
49,25,616
10,197,1035
52,83,2068
39,206,3581
35,163,2707
9,164,802
10,478,2034
20,175,1846
20,417,3918
120,106,5744
97,54,2557
10,124,694
43,142,2701
87,70,2767
27,361,4538
9,293,1427
8,94,484
124,43,2361
40,102,1801
12,546,3354
51,110,2354
27,325,4229
34,129,1991
34,127,2063
26,134,1614
54,63,1688
25,193,2218
83,76,2930
85,13,579
61,107,3057
29,255,3387
110,109,5262
36,118,1904
72,57,1883
16,19,163
33,163,2511
42,180,3409
51,30,731
19,446,3859
64,143,3897
28,138,1877
10,632,3068
108,29,1643
12,565,3486
8,808,3159
14,627,4086
16,573,4492
10,527,2923
18,411,3502
55,23,658
14,419,2886
101,82,3498
46,131,2659
36,21,373
24,307,3439
30,230,3133
27,110,1288
121,38,2063
64,144,3910
56,166,4111
28,275,3519
100,75,3456
56,33,851
8,512,2310
124,56,3049
17,217,1705
8,789,3565
16,116,944
102,103,4517
45,154,3301
54,80,2012
95,70,3055
115,26,1585
14,237,1676
54,39,992
30,116,1987
123,73,3875
82,45,1726
45,137,2681
15,562,3773
12,81,560
40,168,2883
117,3,534
106,16,992
94,24,1212
113,109,5293
26,265,2923
79,80,2893
60,32,878
95,47,2151
49,198,4235
8,243,1088
20,271,2211
12,135,832
16,52,439
24,30,361
68,115,3407
115,112,5219
76,25,966
41,36,744
15,425,3262
31,144,2002
43,184,3748
14,617,4329
68,59,1781
29,15,285
40,74,1407
15,475,3475
23,295,3540
33,51,771
121,72,3846
128,2,536
8,486,2100
53,10,353
27,172,2141
25,43,508
41,149,2839
76,67,2386
106,83,3948
13,417,2748
78,49,1625
55,64,1486
115,28,1621
12,643,3849
21,293,2911
21,124,1262
44,77,1688
29,233,3018
128,26,1710
127,24,1624
22,186,1835
38,107,1912
35,147,2416
21,70,704
38,198,3250
27,226,2714
17,188,1514
12,317,1964
67,104,2996
92,86,3554
111,48,2389
76,40,1251
12,561,2837
51,150,3673
53,53,1373
114,22,1380
38,139,2357
103,59,2586
41,140,2409
51,99,2439
70,43,1361
67,18,694
87,63,2503
28,72,932
9,437,2189
14,330,2158
90,60,2263
122,95,5012
12,136,788
66,49,1442
9,527,2578
64,109,3053
12,211,1263
62,73,1993
59,26,729
41,66,1242
24,114,1266
30,167,2296
68,61,1812
12,97,592
44,10,289
34,104,1540
83,58,2056
45,78,1609
63,58,1543
25,94,1066
8,84,473
24,116,1283
29,113,1609
56,108,2600
90,5,379
14,130,885
27,218,2786
81,11,505
62,3,239
53,3,197
110,30,1567
72,43,1412
23,26,297
16,159,1248
26,235,2898
46,17,362
44,122,2239
60,47,1370
70,29,1054
12,158,978
16,105,798
108,20,1009
63,100,2681
111,20,1251
106,7,631
34,45,810
108,21,1460
14,294,2013
25,246,2792
30,111,1512
76,23,967
42,134,2664
88,31,1286
46,61,1206
98,30,1415
110,101,5178
28,251,3107
88,74,3052
29,196,2396
29,115,1669
61,138,3671
52,142,3496
10,58,310
70,55,1726
8,191,886
27,234,2991
116,58,2886
48,190,3977
65,115,3204
8,465,2088
100,13,692
111,43,2103
71,50,1582
38,22,484
27,100,1307
22,176,1780
63,38,1080
116,65,3294
45,33,693
19,120,1110
123,6,636
28,211,2737
28,177,2172
42,110,2041
22,231,2321
62,122,3358
109,8,598
18,124,1132
36,41,682
76,17,621
53,119,2861
95,66,2765
32,132,1865
14,156,1125
46,29,659
52,73,1692
47,115,2609
86,2,308
119,46,2550
107,68,3425
12,456,2929
34,150,2183
39,247,4460
74,46,1722
85,105,4312
91,39,1652
44,63,1386
58,186,4615
66,24,770
29,341,4913
13,352,2245
53,21,544
20,142,1318
20,297,3124
18,38,348
43,15,395
44,59,1211
64,139,4198
36,132,2110
116,112,5244
90,51,2360
44,158,3294
60,221,6289
104,69,3143
11,413,2517
41,92,1702
107,97,4614
32,205,3002
43,176,3289
34,49,737
21,107,1122
31,412,5647
16,23,214
87,92,3469
43,144,2927
72,66,2054
56,115,2910
38,40,692
30,280,3956
21,344,3300
35,171,2674
13,300,2051
25,197,2249
27,24,337
36,175,2736
8,793,3644
79,22,1168
70,58,1687
59,40,1091
88,122,4449
14,368,2611
65,97,2765
46,70,1400
52,219,5009
8,579,2096
10,338,1868
95,100,4251
17,465,3815
35,51,811
16,239,1862
15,284,2123
23,2,63
27,337,4541
42,98,1990
50,71,1552
15,219,1680
17,153,1166
99,31,1436
10,137,721
86,49,1761
8,183,840
16,171,1352
75,41,1362
34,112,1553
26,87,1083
56,69,1648
47,69,1512
22,112,1075
29,127,1774
27,213,2531
56,49,1258
31,400,5758
62,45,1317
43,138,2868
92,77,3136
70,69,2162
31,132,1837
9,583,2677
52,135,3016
22,337,3497
121,18,1238
112,97,4717
26,170,2049
110,57,3090
11,56,320
84,31,1254
91,42,1821
128,40,2349
60,23,704
26,122,1544
37,35,590
15,72,542
33,10,218
63,6,273
30,90,1321
22,22,292
26,34,462
44,30,642
29,163,2071
62,106,3019
121,16,1000
64,129,3512
32,230,3187
41,85,1602
41,17,327
40,55,1058
18,33,315
30,94,1273
19,134,1217
27,217,2724
30,212,2834
46,78,1620
22,134,1381
25,22,324
9,126,641
16,68,549
25,2,68
24,150,1681
88,13,602
17,29,308
18,194,1807
98,16,838
54,84,2117
116,16,953
8,27,176
63,55,1539
14,153,991
22,73,795
17,76,638
45,121,2565
35,92,1471
22,198,2013
18,129,1164
13,177,1182
36,25,465
40,114,2018
32,112,1501
32,221,3163
42,153,2648
119,65,3381
40,128,2356
25,54,630
105,16,1005
11,117,693
59,14,463
22,54,571
29,85,1233
14,100,689
31,46,738
128,7,803
109,14,848
14,122,802
9,109,520
68,34,1108
71,35,1122
104,28,1400
53,46,1228
96,12,665
37,53,909
59,24,691
13,105,741
8,53,331
77,26,1170
107,13,773
9,62,301
70,17,580
75,5,300
24,25,301
107,7,638
16,13,131
126,15,1112
45,8,211
8,330,1561
41,45,902
120,22,1418
22,91,973
24,8,113
93,14,701
8,340,1546
73,35,1109
119,4,547
42,74,1512
9,33,184
18,67,614
78,21,1050
37,49,835
94,28,1254
25,72,840
37,8,175
66,8,322
21,5,77
32,43,650
51,58,1257
14,411,2836
42,77,1634
58,29,819
14,349,2668
39,18,424
111,93,4461
51,145,3572
22,296,3088
12,494,3058
17,283,2555
8,116,574
29,66,914
123,3,570
51,28,733
58,159,4050
53,204,4698
16,332,2716
62,179,4831
49,50,1111
15,406,3193
30,72,984
23,282,3314
90,73,2871
67,84,2685
38,188,3469
92,78,3447
100,100,4288
62,84,2441
16,521,4025
85,74,3009
14,647,4112
48,125,2745
58,156,3973
116,20,1306
88,32,1356
10,277,1577
11,113,705
110,38,1922
60,37,936
9,190,925
77,108,3512
14,261,1898
10,642,2854
56,198,4931
11,132,708
114,30,1632
81,52,1860
88,90,3335
23,72,770
115,44,2202
55,20,521
9,468,2179
121,68,3763
34,178,2785
27,105,1239
12,333,2129
27,5,95
17,101,827
24,101,1101
10,20,112
128,59,3548
89,112,4068
100,9,583
17,358,2903
32,178,2492
11,416,2335
38,158,2711
51,202,4547
58,22,734
43,38,840
24,117,1326
68,113,3435
24,327,3657
45,72,1418
36,163,2701
117,7,716
74,7,410
90,70,2808
81,58,1999
48,217,4600
66,11,395
40,41,760
17,408,3484
21,288,2636
13,15,137
71,31,1084
112,74,3766
104,18,1073
9,115,621
14,333,2475
74,78,2555
16,96,768
9,418,1993
119,59,2939
96,24,1203
63,47,1418
52,190,4401
12,179,1062
94,9,537
23,265,2580
24,151,1697
23,249,2783
52,121,2896
62,20,584
32,190,2683
11,419,2393
32,293,4311
10,292,1579
66,59,1759
99,40,1797
11,89,564
13,643,3667
54,10,366
68,18,704
57,85,2233
95,4,407
92,72,2978
8,874,3979
125,86,4753
13,53,389
16,363,2976
121,53,3093
31,56,812
22,125,1375
51,86,2048
113,67,3483
16,530,4098
65,44,1455
8,532,2415
36,109,1759
18,381,3285
101,50,2348
11,449,2499
12,113,758
9,374,1765
26,338,4135
96,57,2357
33,165,2447
15,136,1004
23,91,1024
10,33,202
85,7,484
8,62,330
11,19,127
90,2,326
71,19,677
57,32,836
16,162,1211
119,3,546
16,26,221
17,6,75
72,28,939
22,7,116
22,33,370
101,35,1566
22,90,928
64,126,3650
73,53,1941
110,40,1976
8,2,71
11,48,293
13,108,704
32,41,611
10,94,514
128,8,739
32,35,512
35,35,557
75,7,415
14,170,1270
8,629,2599
127,70,3953
113,44,2169
29,175,2331
64,31,950
42,107,2154
11,44,263
26,62,838
26,104,1259
8,392,1772
81,51,2116
15,224,1536
66,70,2133
33,75,1260
10,589,2854
8,21,173
55,168,4358
8,302,1380
73,41,1330
105,57,2672
35,41,658
15,177,1476
25,229,2583
27,260,3052
40,46,924
75,44,1634
14,51,381
97,86,3889
45,131,2603
18,132,1109
37,6,155
13,199,1406
8,265,1195
71,16,575
76,18,794
30,145,2146
35,112,1689
25,69,857
41,127,2479
120,80,4284
66,108,3055
11,174,975
63,121,3411
44,51,1005
14,190,1315
8,184,864
22,39,433
15,156,1236
23,3,80
113,70,3429
42,183,3536
42,37,658
29,189,2386
53,88,2146
35,29,577
73,55,1785
51,59,1390
9,110,524
59,18,624
100,8,540
36,53,891
95,19,893
13,94,610
8,33,223
79,69,2494
27,145,1918
13,617,4039
55,187,4862
23,179,2091
11,160,935
17,336,2679
12,533,3314
26,55,650
15,68,521
41,63,1296
18,68,607
98,90,4126
60,146,3812
25,5,89
11,450,2598
26,334,3682
46,198,3890
110,60,2757
21,210,2125
80,91,3217
16,498,3861
73,56,1786
19,224,1930
28,216,2704
12,355,1999
16,599,4765
45,218,4580
9,687,3374
18,172,1486
30,64,865
16,419,3269
23,17,193
52,139,3443
118,62,3404
81,19,767
11,637,3697
122,82,4177
120,74,4168
99,36,1672
8,617,2738
46,175,3493
116,33,1918
14,201,1392
8,427,1924
34,190,3155
9,406,1918
50,170,4029
27,352,4447
91,94,3727
36,130,2013
11,135,821
33,216,3204
48,162,3677
123,92,5018
99,49,2039
9,129,620
41,215,3913
123,98,5531
10,453,2605
30,152,2026
27,13,211
90,29,1362
14,158,1120
86,85,3334
108,100,4716
25,300,3513
41,86,1597
96,66,2777
16,558,4399
24,341,3907
23,157,1804
22,169,1633
19,179,1564
107,39,1943
43,28,603
44,155,3219
99,3,428
101,113,5448
23,95,1001
35,22,448
27,305,3795
86,93,3499
117,40,2107
14,39,295
25,141,1775
9,412,2007
23,209,2166
41,20,395
60,54,1437
53,176,4005
94,84,3632
73,96,2823
40,59,1064
55,88,2235
77,80,2810
34,158,2434
85,22,1276
8,267,1092
32,256,3735
23,122,1433
20,191,1769
128,39,2329
40,62,1151
80,39,1526
125,22,1530
24,185,1996
10,623,3302
21,208,2054
91,2,330
101,21,1381
49,180,4148
13,401,2673
21,233,2261
39,150,2838
128,28,1801
8,767,3270
94,56,2253
49,206,4424
114,29,1550
25,215,2549
24,380,4089
13,222,1602
98,103,4383
58,145,4100
11,418,2346
104,35,1632
12,236,1528
97,64,2648
110,107,5199
11,365,2249
54,129,3079
41,9,212
118,74,4045
13,168,1081
14,504,3500
13,601,3937
85,78,3172
29,374,4809
30,135,1927
36,29,585
58,176,4311
91,55,2191
55,112,2576
33,167,2536
12,569,3517
36,47,858
91,50,2084
87,110,4101
9,320,1569
31,94,1318
9,237,1230
35,66,1092
111,67,3413
54,139,3249
11,35,212
29,5,101
19,73,695
58,53,1493
21,241,2602
124,37,2066
9,603,2806
17,302,2525
22,42,464
27,68,848
11,301,1833
41,93,1673
21,130,1242
107,42,2048
14,75,589
36,50,845
14,31,252
19,68,637
25,38,464
16,158,1243
128,13,964
75,37,1151
22,165,1632
107,53,2829
26,64,755
16,469,3650
117,46,2493
102,40,1839
30,100,1359
10,26,191
119,52,2663
8,546,2041
26,25,346
11,138,840
62,7,332
13,92,629
22,244,2668
18,161,1320
10,81,488
19,133,1272
48,88,1994
75,70,2285
9,25,143
20,81,846
97,17,789
22,166,1709
110,33,1788
123,71,4332
63,148,4008
27,51,639
37,156,2541
23,277,3064
33,101,1462
55,194,5219
77,78,2654
119,48,2709
13,351,1946
19,67,629
12,129,826
18,121,1125
55,73,1792
44,33,679
8,464,2058
102,65,2896
14,154,1154
16,117,937
23,65,786
121,15,999
88,8,460
19,335,3025
42,187,3426
120,70,3608
27,27,386
53,194,4593
25,137,1702
25,11,149
97,69,3047
48,17,382
40,111,1913
10,521,2891
26,106,1301
8,812,3684
40,69,1199
8,305,1401
37,78,1396
9,601,2964
32,156,2197
65,106,2987
111,39,2038
61,154,4127
108,17,909
51,63,1613
83,44,1847
32,347,5360
17,37,301
41,136,2397
24,87,976
11,408,2224
66,114,3178
9,453,2127
28,205,2674
18,171,1608
63,53,1620
11,673,3738
9,315,1613
80,76,2708
21,149,1528
23,25,307
113,28,1558
119,94,4873
32,323,4626
77,24,994
49,91,2085
64,182,5119
32,189,2594
48,76,1669
28,224,2729
25,78,974
8,9,106
127,32,1901
11,433,2411
64,93,2564
22,325,3524
126,37,2098
12,617,3786
48,173,3590
29,145,2111
20,375,3468
8,417,1860
120,44,2402
26,279,3457
61,77,2115
34,42,687
48,226,4854
64,119,3413
55,150,3948
121,61,3376
111,103,4887
9,685,3321
44,146,2881
128,90,5333
47,190,3919
63,146,4457
18,11,114
106,35,1653
11,298,1821
48,113,2571
26,363,4745
17,169,1292
104,87,4021
31,309,4490
11,202,1219
25,155,1897
68,48,1551
9,528,2621
35,231,3861
23,77,922
10,333,1693
98,11,631
14,403,2723
63,103,3075
14,196,1373
18,90,779
68,116,3567
73,3,288
98,113,5304
19,9,104
13,582,3263
34,225,3781
74,31,1103
24,12,191
124,41,2260
37,164,2774
16,360,2781
